<?xml version="1.0" encoding="UTF-8" standalone="yes" ?>
<appProperties xmlns="http://schemas.mathworks.com/matlab/app/2012/appProperties" signature="DB1DAC08973C20EA6F77A8B5B40C92C4E0C8582B">

  <entryPoint>asd2tiff_GUI</entryPoint>

  <name>asd2tiff_GUI</name>

  <version>1.0</version>

  <createdByMATLABRelease>(R2020a)</createdByMATLABRelease>

  <GUID>5783a7ec-9f31-4df6-82d3-a502d46fa2a2</GUID>

  <summary>Browse, view, edit and convert your atomic force microscopy time-lapse movies</summary>

  <author>
    <name>Rai Ischerman</name>
    <contact>arin83@staff.kanazawa-u.ac.jp</contact>
    <organization>INSERM U1067, Kanazawa University</organization>
  </author>

  <supportedPlatforms/>

  <requiredProducts>
    <product identifier="1" name="MATLAB" version="9.8"/>
    <product identifier="17" name="Image Processing Toolbox" version="11.1"/>
  </requiredProducts>

  <numFiles>68</numFiles>

  <created>2020-09-29T01:27:00Z</created>

  <appEntries>
    <appFile>/MATLAB scripts 2012b/plot3d_GUI.fig</appFile>
    <appFile>/MATLAB scripts 2012b/imaging matlab/mavg.m</appFile>
    <appFile>/MATLAB/Silvio1.png</appFile>
    <appFile>/MATLAB scripts 2012b/imaging matlab/median_polish.m</appFile>
    <appFile>/MATLAB scripts 2012b/imaging matlab/loadtiff.m</appFile>
    <appFile>/MATLAB scripts 2012b/imaging matlab/correctDrift.m</appFile>
    <appFile>/MATLAB scripts 2012b/imaging matlab/XYtable.m</appFile>
    <appFile>/MATLAB scripts 2012b/imaging matlab/kimo.m</appFile>
    <appFile>/MATLAB scripts 2012b/imaging matlab/batchasd4GUI.m</appFile>
    <appFile>/MATLAB scripts 2012b/profile_GUI.fig</appFile>
    <appFile>/MATLAB scripts 2012b/profile_GUI.m</appFile>
    <appFile>/MATLAB scripts 2012b/imaging matlab/cut.m</appFile>
    <appFile>/MATLAB/draggable.m</appFile>
    <appFile>/MATLAB scripts 2012b/plot3d_GUI.m</appFile>
    <appFile>/MATLAB scripts 2012b/imaging matlab/ccorNCC.m</appFile>
    <appFile>/MATLAB scripts 2012b/info_GUI.fig</appFile>
    <appFile>/MATLAB scripts 2012b/imaging matlab/Other_MEM_Text2Im.m</appFile>
    <appFile>/MATLAB scripts 2012b/imaging matlab/addDriftQ.m</appFile>
    <appFile>/MATLAB scripts 2012b/contrast_GUI.m</appFile>
    <appFile>/MATLAB scripts 2012b/imaging matlab/videoUnion.m</appFile>
    <appFile>/MATLAB scripts 2012b/Entropy_menu.m</appFile>
    <appFile>/MATLAB scripts 2012b/imaging matlab/smoothn.m</appFile>
    <appFile>/MATLAB scripts 2012b/viewer_GUI.fig</appFile>
    <appFile>/MATLAB scripts 2012b/imaging matlab/loadASDh.m</appFile>
    <appFile>/MATLAB scripts 2012b/imaging matlab/ccorZNCC.m</appFile>
    <appFile>/MATLAB scripts 2012b/imaging matlab/videoStatB.m</appFile>
    <appFile>/MATLAB scripts 2012b/Entropy_menu.fig</appFile>
    <appFile>/MATLAB scripts 2012b/surFlat.m</appFile>
    <appFile>/MATLAB scripts 2012b/imaging matlab/gaussian2d.m</appFile>
    <appFile>/MATLAB scripts 2012b/surFlat.fig</appFile>
    <appFile>/MATLAB scripts 2012b/viewer_GUI.m</appFile>
    <appFile>/MATLAB scripts 2012b/ccorCC.m</appFile>
    <appFile>/MATLAB scripts 2012b/imaging matlab/mat2tiff.m</appFile>
    <appFile>/MATLAB scripts 2012b/imaging matlab/gaussfGUI.fig</appFile>
    <appFile>/MATLAB scripts 2012b/imaging matlab/vnorm.m</appFile>
    <appFile>/MATLAB scripts 2012b/imaging matlab/lutAFM.mat</appFile>
    <appFile>/MATLAB scripts 2012b/contrast_GUI.fig</appFile>
    <appFile>/MATLAB scripts 2012b/imaging matlab/loadColormap2.m</appFile>
    <appFile>/MATLAB/buttondlg.m</appFile>
    <appFile>/MATLAB scripts 2012b/imaging matlab/listboxchoice.m</appFile>
    <appFile>/MATLAB scripts 2012b/imaging matlab/jaccard.m</appFile>
    <appFile>/MATLAB scripts 2012b/asd2tiff_GUI.m</appFile>
    <appFile>/MATLAB scripts 2012b/imaging matlab/TabManager.m</appFile>
    <appFile>/MATLAB scripts 2012b/imaging matlab/modifyASDcomment.m</appFile>
    <appFile>/MATLAB scripts 2012b/imaging matlab/mat2ind.m</appFile>
    <appFile>/MATLAB scripts 2012b/imaging matlab/gaussfGUI.m</appFile>
    <appFile>/MATLAB scripts 2012b/imaging matlab/readWS.m</appFile>
    <appFile>/MATLAB scripts 2012b/asd2tiff_GUI.fig</appFile>
    <appFile>/MATLAB scripts 2012b/imaging matlab/loadColormap.m</appFile>
    <appFile>/MATLAB scripts 2012b/imaging matlab/QdriftV.m</appFile>
    <appFile>/MATLAB scripts 2012b/imaging matlab/displayImage.m</appFile>
    <appFile>/MATLAB scripts 2012b/info_GUI.m</appFile>
    <appFile>/MATLAB scripts 2012b/imaging matlab/VolumeEst.m</appFile>
    <appFile>/MATLAB scripts 2012b/imaging matlab/ccorZNCCv3.m</appFile>
    <appFile>/MATLAB scripts 2012b/imaging matlab/entropyMask.m</appFile>
    <appFile>/MATLAB scripts 2012b/imaging matlab/findXYvideo.m</appFile>
    <appFile>/MATLAB/batchDelete.m</appFile>
    <appFile>/MATLAB scripts 2012b/imaging matlab/my_angle_tool.m</appFile>
    <appFile>/MATLAB/Trump1.jpg</appFile>
    <appFile>/MATLAB/What1.jpg</appFile>
    <appFile>/MATLAB scripts 2012b/imaging matlab/normfit2.m</appFile>
    <appFile>/MATLAB scripts 2012b/imaging matlab/printCmap.m</appFile>
    <appFile>/MATLAB scripts 2012b/imaging matlab/fastprofiler.m</appFile>
    <appFile>/MATLAB scripts 2012b/imaging matlab/loadASD.m</appFile>
    <appFile>/MATLAB scripts 2012b/imaging matlab/addDriftJ.m</appFile>
    <appFile>/MATLAB scripts 2012b/imaging matlab/loadASDtiff.m</appFile>
    <appFile>/MATLAB scripts 2012b/imaging matlab/loadColormap3.m</appFile>
    <appFile>/MATLAB scripts 2012b/imaging matlab/mstd.m</appFile>
  </appEntries>

</appProperties>
