<?xml version="1.0" encoding="UTF-8" standalone="yes" ?><fileEntries xmlns="http://schemas.mathworks.com/package/2013/filesystemManifest" createdByEncoding="windows-1252" createdByPlatform="win64" version="2.0"><fileEntry content="/fsroot/MATLAB%20scripts%202012b/Entropy_menu.fig" date="2018-04-11T16:34:11Z" name="/MATLAB scripts 2012b/Entropy_menu.fig" permissions="010666" type="File"/><fileEntry content="/fsroot/MATLAB%20scripts%202012b/Entropy_menu.m" date="2018-04-11T16:35:08Z" name="/MATLAB scripts 2012b/Entropy_menu.m" permissions="010666" type="File"/><fileEntry content="/fsroot/MATLAB%20scripts%202012b/asd2tiff_GUI.fig" date="2020-08-27T09:58:16Z" name="/MATLAB scripts 2012b/asd2tiff_GUI.fig" permissions="010666" type="File"/><fileEntry content="/fsroot/MATLAB%20scripts%202012b/asd2tiff_GUI.m" date="2020-09-08T09:35:32Z" name="/MATLAB scripts 2012b/asd2tiff_GUI.m" permissions="010666" type="File"/><fileEntry content="/fsroot/MATLAB%20scripts%202012b/ccorCC.m" date="2020-03-01T15:45:37Z" name="/MATLAB scripts 2012b/ccorCC.m" permissions="010666" type="File"/><fileEntry content="/fsroot/MATLAB%20scripts%202012b/contrast_GUI.fig" date="2020-05-13T14:08:34Z" name="/MATLAB scripts 2012b/contrast_GUI.fig" permissions="010666" type="File"/><fileEntry content="/fsroot/MATLAB%20scripts%202012b/contrast_GUI.m" date="2020-06-01T10:00:08Z" name="/MATLAB scripts 2012b/contrast_GUI.m" permissions="010666" type="File"/><fileEntry content="/fsroot/MATLAB%20scripts%202012b/imaging%20matlab/Other_MEM_Text2Im.m" date="2014-02-12T12:43:22Z" name="/MATLAB scripts 2012b/imaging matlab/Other_MEM_Text2Im.m" permissions="010666" type="File"/><fileEntry content="/fsroot/MATLAB%20scripts%202012b/imaging%20matlab/QdriftV.m" date="2020-06-08T08:19:54Z" name="/MATLAB scripts 2012b/imaging matlab/QdriftV.m" permissions="010666" type="File"/><fileEntry content="/fsroot/MATLAB%20scripts%202012b/imaging%20matlab/TabManager.m" date="2018-03-12T19:43:36Z" name="/MATLAB scripts 2012b/imaging matlab/TabManager.m" permissions="010666" type="File"/><fileEntry content="/fsroot/MATLAB%20scripts%202012b/imaging%20matlab/VolumeEst.m" date="2020-04-03T15:23:00Z" name="/MATLAB scripts 2012b/imaging matlab/VolumeEst.m" permissions="010666" type="File"/><fileEntry content="/fsroot/MATLAB%20scripts%202012b/imaging%20matlab/XYtable.m" date="2019-03-19T12:18:24Z" name="/MATLAB scripts 2012b/imaging matlab/XYtable.m" permissions="010666" type="File"/><fileEntry content="/fsroot/MATLAB%20scripts%202012b/imaging%20matlab/addDriftJ.m" date="2019-03-18T16:06:05Z" name="/MATLAB scripts 2012b/imaging matlab/addDriftJ.m" permissions="010666" type="File"/><fileEntry content="/fsroot/MATLAB%20scripts%202012b/imaging%20matlab/addDriftQ.m" date="2020-03-02T14:40:29Z" name="/MATLAB scripts 2012b/imaging matlab/addDriftQ.m" permissions="010666" type="File"/><fileEntry content="/fsroot/MATLAB%20scripts%202012b/imaging%20matlab/batchasd4GUI.m" date="2020-05-19T08:41:16Z" name="/MATLAB scripts 2012b/imaging matlab/batchasd4GUI.m" permissions="010666" type="File"/><fileEntry content="/fsroot/MATLAB%20scripts%202012b/imaging%20matlab/ccorNCC.m" date="2018-02-10T23:00:49Z" name="/MATLAB scripts 2012b/imaging matlab/ccorNCC.m" permissions="010666" type="File"/><fileEntry content="/fsroot/MATLAB%20scripts%202012b/imaging%20matlab/ccorZNCC.m" date="2018-01-29T13:56:41Z" name="/MATLAB scripts 2012b/imaging matlab/ccorZNCC.m" permissions="010666" type="File"/><fileEntry content="/fsroot/MATLAB%20scripts%202012b/imaging%20matlab/ccorZNCCv3.m" date="2018-02-11T11:59:07Z" name="/MATLAB scripts 2012b/imaging matlab/ccorZNCCv3.m" permissions="010666" type="File"/><fileEntry content="/fsroot/MATLAB%20scripts%202012b/imaging%20matlab/correctDrift.m" date="2020-07-13T05:40:18Z" name="/MATLAB scripts 2012b/imaging matlab/correctDrift.m" permissions="010666" type="File"/><fileEntry content="/fsroot/MATLAB%20scripts%202012b/imaging%20matlab/cut.m" date="2019-03-14T14:09:09Z" name="/MATLAB scripts 2012b/imaging matlab/cut.m" permissions="010666" type="File"/><fileEntry content="/fsroot/MATLAB%20scripts%202012b/imaging%20matlab/displayImage.m" date="2020-09-17T08:07:28Z" name="/MATLAB scripts 2012b/imaging matlab/displayImage.m" permissions="010666" type="File"/><fileEntry content="/fsroot/MATLAB%20scripts%202012b/imaging%20matlab/entropyMask.m" date="2018-04-11T17:45:02Z" name="/MATLAB scripts 2012b/imaging matlab/entropyMask.m" permissions="010666" type="File"/><fileEntry content="/fsroot/MATLAB%20scripts%202012b/imaging%20matlab/fastprofiler.m" date="2019-04-05T12:26:24Z" name="/MATLAB scripts 2012b/imaging matlab/fastprofiler.m" permissions="010666" type="File"/><fileEntry content="/fsroot/MATLAB%20scripts%202012b/imaging%20matlab/findXYvideo.m" date="2019-03-29T15:24:44Z" name="/MATLAB scripts 2012b/imaging matlab/findXYvideo.m" permissions="010666" type="File"/><fileEntry content="/fsroot/MATLAB%20scripts%202012b/imaging%20matlab/gaussfGUI.fig" date="2019-03-14T17:48:58Z" name="/MATLAB scripts 2012b/imaging matlab/gaussfGUI.fig" permissions="010666" type="File"/><fileEntry content="/fsroot/MATLAB%20scripts%202012b/imaging%20matlab/gaussfGUI.m" date="2019-03-14T18:15:36Z" name="/MATLAB scripts 2012b/imaging matlab/gaussfGUI.m" permissions="010666" type="File"/><fileEntry content="/fsroot/MATLAB%20scripts%202012b/imaging%20matlab/gaussian2d.m" date="2017-08-11T13:29:38Z" name="/MATLAB scripts 2012b/imaging matlab/gaussian2d.m" permissions="010666" type="File"/><fileEntry content="/fsroot/MATLAB%20scripts%202012b/imaging%20matlab/jaccard.m" date="2018-03-27T21:44:39Z" name="/MATLAB scripts 2012b/imaging matlab/jaccard.m" permissions="010666" type="File"/><fileEntry content="/fsroot/MATLAB%20scripts%202012b/imaging%20matlab/kimo.m" date="2020-09-21T03:04:28Z" name="/MATLAB scripts 2012b/imaging matlab/kimo.m" permissions="010666" type="File"/><fileEntry content="/fsroot/MATLAB%20scripts%202012b/imaging%20matlab/listboxchoice.m" date="2019-04-12T14:13:10Z" name="/MATLAB scripts 2012b/imaging matlab/listboxchoice.m" permissions="010666" type="File"/><fileEntry content="/fsroot/MATLAB%20scripts%202012b/imaging%20matlab/loadASD.m" date="2020-05-03T01:54:42Z" name="/MATLAB scripts 2012b/imaging matlab/loadASD.m" permissions="010666" type="File"/><fileEntry content="/fsroot/MATLAB%20scripts%202012b/imaging%20matlab/loadASDh.m" date="2020-05-03T06:36:26Z" name="/MATLAB scripts 2012b/imaging matlab/loadASDh.m" permissions="010666" type="File"/><fileEntry content="/fsroot/MATLAB%20scripts%202012b/imaging%20matlab/loadASDtiff.m" date="2020-03-26T16:38:28Z" name="/MATLAB scripts 2012b/imaging matlab/loadASDtiff.m" permissions="010666" type="File"/><fileEntry content="/fsroot/MATLAB%20scripts%202012b/imaging%20matlab/loadColormap.m" date="2016-12-13T14:34:45Z" name="/MATLAB scripts 2012b/imaging matlab/loadColormap.m" permissions="010666" type="File"/><fileEntry content="/fsroot/MATLAB%20scripts%202012b/imaging%20matlab/loadColormap2.m" date="2017-07-31T14:44:07Z" name="/MATLAB scripts 2012b/imaging matlab/loadColormap2.m" permissions="010666" type="File"/><fileEntry content="/fsroot/MATLAB%20scripts%202012b/imaging%20matlab/loadColormap3.m" date="2017-08-04T13:14:37Z" name="/MATLAB scripts 2012b/imaging matlab/loadColormap3.m" permissions="010666" type="File"/><fileEntry content="/fsroot/MATLAB%20scripts%202012b/imaging%20matlab/loadtiff.m" date="2019-02-25T11:27:16Z" name="/MATLAB scripts 2012b/imaging matlab/loadtiff.m" permissions="010666" type="File"/><fileEntry content="/fsroot/MATLAB%20scripts%202012b/imaging%20matlab/lutAFM.mat" date="2017-08-04T13:10:52Z" name="/MATLAB scripts 2012b/imaging matlab/lutAFM.mat" permissions="010666" type="File"/><fileEntry content="/fsroot/MATLAB%20scripts%202012b/imaging%20matlab/mat2ind.m" date="2020-04-14T02:34:54Z" name="/MATLAB scripts 2012b/imaging matlab/mat2ind.m" permissions="010666" type="File"/><fileEntry content="/fsroot/MATLAB%20scripts%202012b/imaging%20matlab/mat2tiff.m" date="2020-04-17T11:46:20Z" name="/MATLAB scripts 2012b/imaging matlab/mat2tiff.m" permissions="010666" type="File"/><fileEntry content="/fsroot/MATLAB%20scripts%202012b/imaging%20matlab/mavg.m" date="2018-01-24T19:55:15Z" name="/MATLAB scripts 2012b/imaging matlab/mavg.m" permissions="010666" type="File"/><fileEntry content="/fsroot/MATLAB%20scripts%202012b/imaging%20matlab/median_polish.m" date="2018-03-25T20:09:20Z" name="/MATLAB scripts 2012b/imaging matlab/median_polish.m" permissions="010666" type="File"/><fileEntry content="/fsroot/MATLAB%20scripts%202012b/imaging%20matlab/modifyASDcomment.m" date="2020-05-25T12:10:51Z" name="/MATLAB scripts 2012b/imaging matlab/modifyASDcomment.m" permissions="010666" type="File"/><fileEntry content="/fsroot/MATLAB%20scripts%202012b/imaging%20matlab/mstd.m" date="2020-09-08T08:11:23Z" name="/MATLAB scripts 2012b/imaging matlab/mstd.m" permissions="010666" type="File"/><fileEntry content="/fsroot/MATLAB%20scripts%202012b/imaging%20matlab/my_angle_tool.m" date="2019-04-07T11:30:53Z" name="/MATLAB scripts 2012b/imaging matlab/my_angle_tool.m" permissions="010666" type="File"/><fileEntry content="/fsroot/MATLAB%20scripts%202012b/imaging%20matlab/normfit2.m" date="2015-10-26T17:34:54Z" name="/MATLAB scripts 2012b/imaging matlab/normfit2.m" permissions="010666" type="File"/><fileEntry content="/fsroot/MATLAB%20scripts%202012b/imaging%20matlab/printCmap.m" date="2019-02-27T10:21:57Z" name="/MATLAB scripts 2012b/imaging matlab/printCmap.m" permissions="010666" type="File"/><fileEntry content="/fsroot/MATLAB%20scripts%202012b/imaging%20matlab/readWS.m" date="2017-07-29T17:00:55Z" name="/MATLAB scripts 2012b/imaging matlab/readWS.m" permissions="010666" type="File"/><fileEntry content="/fsroot/MATLAB%20scripts%202012b/imaging%20matlab/smoothn.m" date="2017-10-20T23:45:22Z" name="/MATLAB scripts 2012b/imaging matlab/smoothn.m" permissions="010666" type="File"/><fileEntry content="/fsroot/MATLAB%20scripts%202012b/imaging%20matlab/videoStatB.m" date="2018-07-24T14:19:43Z" name="/MATLAB scripts 2012b/imaging matlab/videoStatB.m" permissions="010666" type="File"/><fileEntry content="/fsroot/MATLAB%20scripts%202012b/imaging%20matlab/videoUnion.m" date="2019-03-14T16:24:24Z" name="/MATLAB scripts 2012b/imaging matlab/videoUnion.m" permissions="010666" type="File"/><fileEntry content="/fsroot/MATLAB%20scripts%202012b/imaging%20matlab/vnorm.m" date="2020-06-18T04:48:25Z" name="/MATLAB scripts 2012b/imaging matlab/vnorm.m" permissions="010666" type="File"/><fileEntry content="/fsroot/MATLAB%20scripts%202012b/info_GUI.fig" date="2020-04-27T02:43:50Z" name="/MATLAB scripts 2012b/info_GUI.fig" permissions="010666" type="File"/><fileEntry content="/fsroot/MATLAB%20scripts%202012b/info_GUI.m" date="2020-04-27T02:43:50Z" name="/MATLAB scripts 2012b/info_GUI.m" permissions="010666" type="File"/><fileEntry content="/fsroot/MATLAB%20scripts%202012b/plot3d_GUI.fig" date="2018-10-06T11:24:58Z" name="/MATLAB scripts 2012b/plot3d_GUI.fig" permissions="010666" type="File"/><fileEntry content="/fsroot/MATLAB%20scripts%202012b/plot3d_GUI.m" date="2018-10-06T11:28:01Z" name="/MATLAB scripts 2012b/plot3d_GUI.m" permissions="010666" type="File"/><fileEntry content="/fsroot/MATLAB%20scripts%202012b/profile_GUI.fig" date="2020-06-10T05:20:24Z" name="/MATLAB scripts 2012b/profile_GUI.fig" permissions="010666" type="File"/><fileEntry content="/fsroot/MATLAB%20scripts%202012b/profile_GUI.m" date="2020-06-10T05:20:23Z" name="/MATLAB scripts 2012b/profile_GUI.m" permissions="010666" type="File"/><fileEntry content="/fsroot/MATLAB%20scripts%202012b/surFlat.fig" date="2020-03-01T15:48:35Z" name="/MATLAB scripts 2012b/surFlat.fig" permissions="010666" type="File"/><fileEntry content="/fsroot/MATLAB%20scripts%202012b/surFlat.m" date="2019-04-08T13:23:48Z" name="/MATLAB scripts 2012b/surFlat.m" permissions="010666" type="File"/><fileEntry content="/fsroot/MATLAB%20scripts%202012b/viewer_GUI.fig" date="2020-09-17T05:29:52Z" name="/MATLAB scripts 2012b/viewer_GUI.fig" permissions="010666" type="File"/><fileEntry content="/fsroot/MATLAB%20scripts%202012b/viewer_GUI.m" date="2020-09-17T07:53:57Z" name="/MATLAB scripts 2012b/viewer_GUI.m" permissions="010666" type="File"/><fileEntry content="/fsroot/MATLAB/Silvio1.png" date="2020-04-26T01:55:17Z" name="/MATLAB/Silvio1.png" permissions="010666" type="File"/><fileEntry content="/fsroot/MATLAB/Trump1.jpg" date="2020-04-25T01:14:15Z" name="/MATLAB/Trump1.jpg" permissions="010666" type="File"/><fileEntry content="/fsroot/MATLAB/What1.jpg" date="2020-04-27T14:11:52Z" name="/MATLAB/What1.jpg" permissions="010666" type="File"/><fileEntry content="/fsroot/MATLAB/batchDelete.m" date="2020-05-19T06:50:52Z" name="/MATLAB/batchDelete.m" permissions="010666" type="File"/><fileEntry content="/fsroot/MATLAB/buttondlg.m" date="2020-04-25T01:01:11Z" name="/MATLAB/buttondlg.m" permissions="010666" type="File"/><fileEntry content="/fsroot/MATLAB/draggable.m" date="2020-04-13T14:09:32Z" name="/MATLAB/draggable.m" permissions="010666" type="File"/></fileEntries>